Date,PEP_Price,KO_Price
2025-09-29,139.895,65.855
2025-09-26,140.44,65.67
2025-09-25,139.92,65.98
2025-09-24,142.17,66.45
2025-09-23,141.9,66.71
2025-09-22,141.03,66.21
2025-09-19,141.76,66.43
2025-09-18,140.73,66.46
2025-09-17,141.23,67.04
2025-09-16,140.03,66.24
2025-09-15,140.64,66.21
2025-09-12,143.53,67.01
2025-09-11,144.23,67.62
2025-09-10,142.66,67.82
2025-09-09,143.1,67.86
2025-09-08,141.71,67.43
2025-09-05,146.39,67.96
2025-09-04,146.89,68.25
2025-09-03,148.64,68.99
2025-09-02,150.28,69.06
2025-08-29,148.65,68.99
2025-08-28,146.98,68.36
2025-08-27,147.64,68.83
2025-08-26,147,68.73
2025-08-25,148.2,68.93
2025-08-22,149.64,70.13
2025-08-21,148.98,70.66
2025-08-20,150.73,70.7
2025-08-19,152.16,70.13
2025-08-18,149.55,69.13
2025-08-15,150.4,69.92
2025-08-14,148.62,69.55
2025-08-13,149.35,70.46
2025-08-12,146.87,70.71
2025-08-11,144.87,70.75
2025-08-08,145.21,70.34
2025-08-07,143.92,70.43
2025-08-06,140.8,69.51
2025-08-05,139.45,69.05
2025-08-04,139.56,68.96
2025-08-01,139.28,68.86
2025-07-31,137.92,67.89
2025-07-30,142.86,68.75
2025-07-29,143.89,69.38
2025-07-28,141.57,68.09
2025-07-25,143.45,69.17
2025-07-24,144.51,69.1
2025-07-23,145.66,69.16
2025-07-22,146.04,69.66
2025-07-21,141.7,70.07
2025-07-18,143.24,69.85
2025-07-17,145.44,70.59
2025-07-16,135.35,69.27
2025-07-15,133.81,69.36
2025-07-14,135.57,69.47
2025-07-11,135.26,69.87
2025-07-10,136.08,69.77
2025-07-09,134.48,69.48
2025-07-08,135.04,70.24
2025-07-07,134.45,71.01
2025-07-03,135.38,71.35
2025-07-02,136.48,70.91
2025-07-01,135.26,71.67
2025-06-30,132.04,70.75
2025-06-27,131.04,70.33
2025-06-26,128.22,69.47
2025-06-25,128.02,69.63
2025-06-24,131.05,70.21
2025-06-23,129.09,69.74
2025-06-20,129.07,68.84
2025-06-18,129.07,69.21
2025-06-17,129.29,69.62
2025-06-16,131.41,70.52
2025-06-13,130.85,71.02
2025-06-12,132.3,72.24
2025-06-11,129.9,72.07
2025-06-10,131.83,72.35
2025-06-09,129.96,71.77
2025-06-06,130.03,71.35
2025-06-05,131.11,70.91
2025-06-04,131.74,71.37
2025-06-03,131.85,71.16
2025-06-02,130.91,72
2025-05-30,131.45,72.1
2025-05-29,131.92,71.49
2025-05-28,130.67,71.15
2025-05-27,131.37,71.78
2025-05-23,129.34,71.77
2025-05-22,130.12,71.14
2025-05-21,130.15,71.85
2025-05-20,131.8,71.69
2025-05-19,131.79,71.93
2025-05-16,131.98,72
2025-05-15,131.5,71.61
2025-05-14,128.45,69.16
2025-05-13,130.31,68.96
2025-05-12,131.68,69.53
2025-05-09,130.44,70.52
2025-05-08,131.43,71.17
2025-05-07,131.915,72.4
2025-05-06,130.74,71.72
2025-05-05,131.99,71.7
2025-05-02,133.75,71.65
2025-05-01,133.55,71.29
2025-04-30,135.58,72.55
2025-04-29,134.31,72.35
2025-04-28,133.76,71.79
2025-04-25,133.38,71.91
2025-04-24,135.31,72.52
2025-04-23,142.26,73.3
2025-04-22,143.46,73.9
2025-04-21,141.73,72.77
2025-04-17,142.84,73
2025-04-16,140.09,71.68
2025-04-15,142.84,71.86
2025-04-14,146.75,72.45
2025-04-11,144.43,71.43
2025-04-10,144.14,70.76
2025-04-09,145.59,69.95
2025-04-08,140.3,68.42
2025-04-07,143.19,68.37
2025-04-04,146.61,69.93
2025-04-03,151.37,73.18
2025-04-02,149.12,71.33
2025-04-01,149.67,71.87
2025-03-31,149.94,71.62
2025-03-28,149.27,70.37
2025-03-27,149.67,70.74
2025-03-26,148.64,70.02
2025-03-25,145.54,68.81
2025-03-24,146.45,68.95
2025-03-21,145.45,68.67
2025-03-20,147.15,69.71
2025-03-19,148.11,69.28
2025-03-18,148.99,69.38
2025-03-17,151.34,70.12
2025-03-14,148.59,69.16
2025-03-13,148.34,69.62
2025-03-12,148.17,69.94
2025-03-11,152.33,71.04
2025-03-10,156.25,71.45
2025-03-07,154.44,71.43
2025-03-06,154.61,70.46
2025-03-05,153.88,70.08
2025-03-04,154.19,70.19
2025-03-03,155.99,72.32
2025-02-28,153.47,71.21
2025-02-27,152.02,70.87
2025-02-26,151.51,70.8
2025-02-25,156.42,71.49
2025-02-24,153.85,70.59
2025-02-21,153.5,71.35
2025-02-20,149.1,70.04
2025-02-19,145.81,70.07
2025-02-18,144.1,69.05
2025-02-14,143.39,68.87
2025-02-13,144.58,69.5
2025-02-12,143.99,68.71
2025-02-11,145.64,67.6
2025-02-10,144.35,64.55
2025-02-07,144.58,63.84
2025-02-06,145.35,63.36
2025-02-05,145.66,63.12
2025-02-04,143.49,62.67
2025-02-03,150.27,63.35
2025-01-31,150.69,63.48
2025-01-30,151.9,64.05
2025-01-29,150.37,62.83
2025-01-28,150.25,62.36
2025-01-27,154.61,63.87
2025-01-24,149.12,61.92
2025-01-23,148.62,61.53
2025-01-22,148.09,61.78
2025-01-21,148.55,62.42
2025-01-17,148.25,62.71
2025-01-16,146.54,62.25
2025-01-15,144.78,61.77
2025-01-14,144.95,62.04
2025-01-13,144.5,61.65
2025-01-10,142.64,61.07
2025-01-08,146.54,61.71
2025-01-07,145.4,60.84
2025-01-06,146.27,60.81
2025-01-03,149.65,61.75
2025-01-02,150.21,61.84
2024-12-31,152.06,62.26
2024-12-30,151.72,62.03
2024-12-27,152.89,62.45
2024-12-26,152.44,62.57
2024-12-24,152.81,62.84
2024-12-23,151.29,62.38
2024-12-20,152.79,62.55
2024-12-19,151.47,62.45
2024-12-18,154.43,62.85
2024-12-17,156.14,63.4
2024-12-16,156.02,62.55
2024-12-13,157.97,63.12
2024-12-12,158.9,63.84
2024-12-11,156.77,62.64
2024-12-10,159.84,62.91
2024-12-09,159.47,62.6
2024-12-06,157.79,62.53
2024-12-05,160.49,62.92
2024-12-04,160.18,62.21
2024-12-03,161.7,63.52
2024-12-02,163.05,63.65
2024-11-29,163.45,64.08
2024-11-27,162.72,64.43
2024-11-26,162.16,64.55
2024-11-25,163.05,64.38
2024-11-22,162,63.92
2024-11-21,160.34,63.76
2024-11-20,158.74,62.99
2024-11-19,156.72,62.59
2024-11-18,158.33,61.86
2024-11-15,158.62,61.74
2024-11-14,165.15,62.55
2024-11-13,164.74,63
2024-11-12,164.34,63.2
2024-11-11,164.26,63.36
2024-11-08,165.11,63.92
2024-11-07,164,63.66
2024-11-06,164.71,63.7
2024-11-05,167.85,65.37
2024-11-04,166.34,65.11
2024-11-01,165.59,65.01
2024-10-31,166.08,65.31
2024-10-30,166.21,65.92
2024-10-29,167.5,65.56
2024-10-28,169.84,66.67
2024-10-25,171.79,66.92
2024-10-24,172.16,67.3
2024-10-23,172.95,68.01
2024-10-22,174.37,69.45
2024-10-21,175.01,69.45
2024-10-18,175.06,70.44
2024-10-17,174.67,69.9
2024-10-16,174.48,70.57
2024-10-15,175.9,70.34
2024-10-14,176.1,70.34
2024-10-11,174.81,69.57
2024-10-10,172.99,69.25
2024-10-09,172.54,69.57
2024-10-08,170.42,69.18
2024-10-07,167.21,69.01
2024-10-04,167.97,70.17
2024-10-03,168.53,70.52
2024-10-02,169.55,71.01
2024-10-01,171.38,71.71
2024-09-30,170.05,71.86
2024-09-27,170,71.79
2024-09-26,169.69,71.4
2024-09-25,169.4,71.45
2024-09-24,169.92,71.33
2024-09-23,172.11,71.73
2024-09-20,171.18,71.64
2024-09-19,174.66,70.62
2024-09-18,175.21,71.75
2024-09-17,176.87,71.8
2024-09-16,177.21,72.1
2024-09-13,177.36,71.41
2024-09-12,177.25,71.23
2024-09-11,175.78,71.08
2024-09-10,177.81,71.55
2024-09-09,178.19,71.85
2024-09-06,177.34,71.14
2024-09-05,179.3,71.17
2024-09-04,178.52,72.56
2024-09-03,177.54,73.01
2024-08-30,172.88,72.47
2024-08-29,172.09,72.05
2024-08-28,173.92,71.75
2024-08-27,175.3,71.5
2024-08-26,175.97,70.84
2024-08-23,175.87,69.79
2024-08-22,175.74,69.33
2024-08-21,175.21,69.57
2024-08-20,175.85,69.38
2024-08-19,173.82,68.98
2024-08-16,172.62,69.18
2024-08-15,172.52,68.65
2024-08-14,173.71,68.58
2024-08-13,172.37,68.46
2024-08-12,171.42,68.17
2024-08-09,172.39,68.68
2024-08-08,172.37,68.73
2024-08-07,171.79,68.46
2024-08-06,172.49,68.05
2024-08-05,174.04,68.1
2024-08-02,178.04,69.33
2024-08-01,174.96,67.96
2024-07-31,172.67,66.74
2024-07-30,173.18,67.68
2024-07-29,173.21,66.83
2024-07-26,172.75,67.05
2024-07-25,171.02,66.07
2024-07-24,168.17,65.81
2024-07-23,166.28,64.96
2024-07-22,167.66,64.77
2024-07-19,169.36,65.29
2024-07-18,170.37,65.19
2024-07-17,169.89,65.21
2024-07-16,164.76,64.27
2024-07-15,163.86,63.41
2024-07-12,166.38,63.7
2024-07-11,163.95,63.1
2024-07-10,163.59,62.83
2024-07-09,161.9,62.69
2024-07-08,162.12,62.96
2024-07-05,164.39,63.76
2024-07-03,162.6,63.33
2024-07-02,163.58,63.15
2024-07-01,162.89,63.28
2024-06-28,164.93,63.65
2024-06-27,166.26,63.91
2024-06-26,166.74,64.05
2024-06-25,167.35,63.84
2024-06-24,168.08,63.97
2024-06-21,167.28,62.77
2024-06-20,166.68,62.18
2024-06-18,166.48,62.63
2024-06-17,166.14,62.62
2024-06-14,163.81,62.55
2024-06-13,163.33,62.99
2024-06-12,163.83,62.88
2024-06-11,165.07,63.55
2024-06-10,165.9,63.59
2024-06-07,171.04,63.91
2024-06-06,173.2,64.15
2024-06-05,173.49,63.92
2024-06-04,173.89,63.94
2024-06-03,171.23,62.93
2024-05-31,172.9,62.93
2024-05-30,170.48,61.97
2024-05-29,171.15,61.7
2024-05-28,173.38,61.82
2024-05-24,177.99,62
2024-05-23,179.27,62.09
2024-05-22,182.09,63
2024-05-21,181.08,62.91
2024-05-20,180.31,62.57
2024-05-17,182.19,63.03
2024-05-16,183.11,63.32
2024-05-15,179.46,63.13
2024-05-14,179.87,63.1
2024-05-13,180.9,63.58
2024-05-10,179.79,63.26
2024-05-09,178.06,62.88
2024-05-08,177.41,62.85
2024-05-07,178.02,62.62
2024-05-06,175.82,62.35
2024-05-03,176.15,62.17
2024-05-02,175.45,61.99
2024-05-01,175.15,61.93
2024-04-30,175.91,61.77
2024-04-29,176.14,62.04
2024-04-26,175.58,61.74
2024-04-25,176.68,61.74
2024-04-24,177.41,61.55
2024-04-23,171.22,60.64
2024-04-22,176.46,60.55
2024-04-19,174.13,60.17
2024-04-18,172.27,58.91
2024-04-17,169.48,58.51
2024-04-16,167.5,58.06
2024-04-15,166.95,58.14
2024-04-12,168.1,58.28
2024-04-11,168.36,59.05
2024-04-10,168.95,58.92
2024-04-09,170.61,59.72
2024-04-08,169.58,59.27
2024-04-05,169.14,59.51
2024-04-04,169.65,59.3
2024-04-03,169.68,59.83
2024-04-02,171.44,60.15
2024-04-01,172.98,60.68
2024-03-28,175.01,61.18
2024-03-27,173.57,61.03
2024-03-26,172.73,60.54
2024-03-25,172.6,60.4
2024-03-22,172.02,60.49
2024-03-21,172.45,60.47
2024-03-20,171.86,60.75
2024-03-19,171.8,60.23
2024-03-18,171.26,60.13
2024-03-15,164.66,59.88
2024-03-14,164.78,60.5
2024-03-13,165.3,61.12
2024-03-12,164.54,60.5
2024-03-11,164.73,60.24
2024-03-08,163.05,59.52
2024-03-07,163.11,59.44
2024-03-06,163,59.55
2024-03-05,162.04,59.52
2024-03-04,165.37,59.81
2024-03-01,164.59,59.53
2024-02-29,165.34,60.02
2024-02-28,167.03,60.4
2024-02-27,168.16,60.34
2024-02-26,168.26,60.71
2024-02-23,169.6,61.2
2024-02-22,168.25,61.15
2024-02-21,168.83,61.24
2024-02-20,168.65,60.7
2024-02-16,166.32,59.39
2024-02-15,167.86,59.4
2024-02-14,167.52,59.29
2024-02-13,168.88,59.35
2024-02-12,170.61,59.7
2024-02-09,167.67,59.56
2024-02-08,173.85,59.83
2024-02-07,171.47,59.99
2024-02-06,171.42,59.94
2024-02-05,170.92,60.04
2024-02-02,170.97,60.54
2024-02-01,171.7,60.98
2024-01-31,168.53,59.49
2024-01-30,169.62,59.9
2024-01-29,168.15,59.73
2024-01-26,167.86,59.37
2024-01-25,166.56,59.16
2024-01-24,165.6,58.91
2024-01-23,167.64,59.85
2024-01-22,165.11,59.57
2024-01-19,165.78,59.83
2024-01-18,167.17,60.16
2024-01-17,166.44,59.99
2024-01-16,166.17,59.99
2024-01-12,167.27,60.39
2024-01-11,166.13,59.81
2024-01-10,166.92,60.2
2024-01-09,167.17,60
2024-01-08,169.11,60.11
2024-01-05,168.94,59.67
2024-01-04,171.47,59.76
2024-01-03,172.95,59.96
2024-01-02,172.91,59.82
2023-12-29,169.84,58.93
2023-12-28,169.39,58.75
2023-12-27,169.4,58.71
2023-12-26,168.86,58.56
2023-12-22,167.68,58.32
2023-12-21,166.97,57.99
2023-12-20,165.69,57.61
2023-12-19,167.95,58.83
2023-12-18,168.91,59.02
2023-12-15,167,58.6
2023-12-14,168.25,59.04
2023-12-13,172.01,59.93
2023-12-12,168.47,59.42
2023-12-11,167.82,59.04
2023-12-08,165.68,58.61
2023-12-07,167.46,58.74
2023-12-06,167.51,58.6
2023-12-05,167.94,58.66
2023-12-04,169.14,58.57
2023-12-01,168.69,58.64
2023-11-30,168.29,58.44
2023-11-29,167.16,58.23
2023-11-28,168.86,58.58
2023-11-27,168.32,58.46
2023-11-24,169.37,58.57
2023-11-22,169.22,58.42
2023-11-21,167.8,58.03
2023-11-20,166.52,57.4
2023-11-17,166.76,57.26
2023-11-16,167.71,57.15
2023-11-15,167.25,57.21
2023-11-14,168.11,57.1
2023-11-13,167.77,56.93
2023-11-10,166.92,56.72
2023-11-09,166.16,56.66
2023-11-08,167.39,57.09
2023-11-07,167.18,57.18
2023-11-06,166.7,56.97
2023-11-03,166.79,56.74
2023-11-02,166.83,57.09
2023-11-01,164.87,56.44
2023-10-31,163.28,56.49
2023-10-30,162.28,56.15
2023-10-27,159.62,55.24
2023-10-26,161.41,55.78
2023-10-25,162.35,56.12
2023-10-24,162.19,55.64
2023-10-23,160.08,54.08
2023-10-20,160,54.57
2023-10-19,160.56,54.35
2023-10-18,162.03,54.05
2023-10-17,160.37,54.07
2023-10-16,161.08,53.43
2023-10-13,160,52.89
2023-10-12,158.08,52.81
2023-10-11,162.62,53.71
2023-10-10,164.4,54.03
2023-10-09,161.36,52.88
2023-10-06,160.29,53.14
2023-10-05,160.1,52.38
2023-10-04,168.91,55.04
2023-10-03,167.7,54.88
2023-10-02,169.17,55.48
2023-09-29,169.44,55.98
2023-09-28,169.5,55.81
2023-09-27,169.57,55.95
2023-09-26,172.52,56.53
2023-09-25,174.33,57
2023-09-22,175.27,57.6
2023-09-21,175.38,57.54
2023-09-20,178.38,58.44
2023-09-19,178.32,58.18
2023-09-18,179.38,58.3
2023-09-15,179.84,57.94
2023-09-14,181.23,58.46
2023-09-13,179.68,58.44
2023-09-12,178.27,58.3
2023-09-11,178.93,58.88
2023-09-08,176.27,58.33
2023-09-07,176.4,58.33
2023-09-06,174.73,58.78
2023-09-05,174.16,58.82
2023-09-01,175.32,59.31
2023-08-31,177.92,59.83
2023-08-30,181.08,60.47
2023-08-29,180.93,60.5
2023-08-28,180.25,60.56
2023-08-25,179.42,60.39
2023-08-24,177.18,60.11
2023-08-23,178.12,60.27
2023-08-22,175.7,60.06
2023-08-21,177.05,60.43
2023-08-18,178.18,60.95
2023-08-17,178.45,60.61
2023-08-16,181.21,60.48
2023-08-15,181.35,60.47
2023-08-14,183.62,60.88
2023-08-11,184.04,61.17
2023-08-10,183.75,60.92
2023-08-09,183.98,61.06
2023-08-08,184.44,60.92
2023-08-07,186.89,61.19
2023-08-04,184.6,60.71
2023-08-03,187.12,61.64
2023-08-02,188.31,61.96
2023-08-01,186.82,61.77
2023-07-31,187.46,61.93
2023-07-28,190.31,62.48
2023-07-27,188.53,62.44
2023-07-26,191.6,63.05
2023-07-25,191.36,62.25
2023-07-24,190.92,62.46
2023-07-21,190.16,62.44
2023-07-20,189.3,62.39
2023-07-19,186.26,61.64
2023-07-18,184.45,60.57
2023-07-17,185.63,60.81
2023-07-14,188.21,60.9
2023-07-13,187.53,60.35
2023-07-12,183.17,59.84
2023-07-11,183.98,59.52
2023-07-10,184.3,59.31
2023-07-07,183.08,59.76
2023-07-06,186.6,60.56
2023-07-05,186.58,61.03
2023-07-03,185.6,60.58
2023-06-30,185.22,60.22
2023-06-29,183.88,60.02
2023-06-28,183.7,60.52
2023-06-27,186.22,61.09
2023-06-26,184.89,61.22
2023-06-23,186.07,61.2
2023-06-22,187.35,61.85
2023-06-21,185.43,61.43
2023-06-20,185.31,61.26
2023-06-16,186.04,61.67
2023-06-15,185.71,61.23
2023-06-14,183.17,60.86
2023-06-13,181.54,60.45
2023-06-12,181.9,60.21
2023-06-09,182.35,60.47
2023-06-08,182.1,60.37
2023-06-07,180.11,60.22
2023-06-06,181.56,60.31
2023-06-05,184.19,60.75
2023-06-02,184.06,61.16
2023-06-01,182.19,60
2023-05-31,182.35,59.66
2023-05-30,181.61,59.78
2023-05-26,183.58,60.26
2023-05-25,183.8,60.41
2023-05-24,184.89,60.88
2023-05-23,186.07,61.4
2023-05-22,186.64,61.51
2023-05-19,191.84,62.83
2023-05-18,191.56,62.8
2023-05-17,192.06,63.15
2023-05-16,193.43,63.22
2023-05-15,194.27,63.94
2023-05-12,196.12,64.11
2023-05-11,195.34,63.86
2023-05-10,194.27,63.5
2023-05-09,194.14,63.39
2023-05-08,193.35,63.92
2023-05-05,194.27,64.02
2023-05-04,193.38,63.72
2023-05-03,192.18,63.65
2023-05-02,192.25,64.01
2023-05-01,191.68,64.3
2023-04-28,190.89,64.15
2023-04-27,189.69,63.68
2023-04-26,188.54,63.55
2023-04-25,189.71,63.85
2023-04-24,185.5,63.95
2023-04-21,185.41,64.05
2023-04-20,185.33,63.96
2023-04-19,184.72,63.68
2023-04-18,184.83,63.56
2023-04-17,184.45,63.46
2023-04-14,183.51,63.05
2023-04-13,184.38,63.15
2023-04-12,182.56,62.69
2023-04-11,182.92,62.58
2023-04-10,183.2,62.69
2023-04-06,184.36,62.84
2023-04-05,183.64,62.8
2023-04-04,181.85,62.21
2023-04-03,182.5,62.4
2023-03-31,182.3,62.03
2023-03-30,180.83,61.85
2023-03-29,180.67,61.86
2023-03-28,179.43,61.42
2023-03-27,179.49,61.35
2023-03-24,179.09,60.9
2023-03-23,175.65,59.92
2023-03-22,176.51,60.05
2023-03-21,178.01,60.32
2023-03-20,177.59,60.6
2023-03-17,175.13,60.02
2023-03-16,176.51,60.3
2023-03-15,176.63,60.43
2023-03-14,173.53,60.03
2023-03-13,173.71,59.81
2023-03-10,172.03,59.21
2023-03-09,171.8,59.46
2023-03-08,173.11,60.04
2023-03-07,172.64,60.01
2023-03-06,173.5,60.36
2023-03-03,173.15,59.44
2023-03-02,173.32,59.72
2023-03-01,171.33,58.86
2023-02-28,173.53,59.51
2023-02-27,175.91,59.82
2023-02-24,175.96,59.84
2023-02-23,176.31,60.09
2023-02-22,176.12,59.98
2023-02-21,176.18,59.8
2023-02-17,176.28,60.12
2023-02-16,175.51,59.22
2023-02-15,176.01,59.59
2023-02-14,175.77,59.59
2023-02-13,177.77,60.6
2023-02-10,176.2,59.62
2023-02-09,172.78,59.62
2023-02-08,171.16,59.72
2023-02-07,171.56,60.07
2023-02-06,171.82,60.17
2023-02-03,169.12,59.83
2023-02-02,169.97,60.28
2023-02-01,171.56,61.33
2023-01-31,171.02,61.32
2023-01-30,169.48,60.64
2023-01-27,169.62,60.49
2023-01-26,170.22,60.81
2023-01-25,171.93,60.93
2023-01-24,170.69,60.55
2023-01-23,169.12,60.23
2023-01-20,169.88,60.08
2023-01-19,169.63,59.72
2023-01-18,171.62,59.81
2023-01-17,176.06,61.68
2023-01-13,175.24,61.43
2023-01-12,175.78,61.21
2023-01-11,178.05,62.01
2023-01-10,177.85,62.13
2023-01-09,179.33,62.61
2023-01-06,181.1,63.4
2023-01-05,177.1,62.2
2023-01-04,178.97,62.92
2023-01-03,179.41,62.95
2022-12-30,180.66,63.61
2022-12-29,181.98,63.95
2022-12-28,181.75,63.57
2022-12-27,183.07,64.21
2022-12-23,182.26,63.82
2022-12-22,181.09,63.34
2022-12-21,182.5,63.8
2022-12-20,181.23,62.79
2022-12-19,181.34,62.84
2022-12-16,180.34,62.75
2022-12-15,180.25,63.11
2022-12-14,183.36,63.99
2022-12-13,183.87,63.99
2022-12-12,183.97,63.97
2022-12-09,183.1,63.14
2022-12-08,183.78,63.81
2022-12-07,182.18,63.54
2022-12-06,181.63,63.44
2022-12-05,183.12,63.47
2022-12-02,185.69,64.35
2022-12-01,185.9,63.79
2022-11-30,185.51,63.61
2022-11-29,182.59,62.48
2022-11-28,183.89,62.7
2022-11-25,184.11,62.69
2022-11-23,185.08,62.63
2022-11-22,184.84,62.35
2022-11-21,184.82,62.08
2022-11-18,181.33,61.14
2022-11-17,180.03,60.71
2022-11-16,178.33,60.52
2022-11-15,177.19,60.63
2022-11-14,176.73,60.73
2022-11-11,178.05,61.32
2022-11-10,181.7,60.88
2022-11-09,178.55,58.77
2022-11-08,180.71,59.6
2022-11-07,180.21,59.49
2022-11-04,178.78,59.26
2022-11-03,177.78,58.78
2022-11-02,178.24,58.81
2022-11-01,180.76,59.64
2022-10-31,181.58,59.85
2022-10-28,182.23,60.76
2022-10-27,178.88,59.53
2022-10-26,179.07,59.39
2022-10-25,178.27,58.95
2022-10-24,177.68,57.57
2022-10-21,173.06,55.96
2022-10-20,171.46,55.08
2022-10-19,173.36,55.96
2022-10-18,175.06,56.44
2022-10-17,172.73,55.69
2022-10-14,170.19,54.98
2022-10-13,174.61,55.87
2022-10-12,169.39,55.14
2022-10-11,162.59,54.48
2022-10-10,161.82,54.39
2022-10-07,161.61,54.51
2022-10-06,162.8,55.03
2022-10-05,166,56.24
2022-10-04,167.11,56.78
2022-10-03,165.25,56.65
2022-09-30,163.26,56.02
2022-09-29,166.61,56.57
2022-09-28,168.67,56.98
2022-09-27,166.01,56.38
2022-09-26,168.45,57.87
2022-09-23,168.52,58.6
2022-09-22,168.6,59.26
2022-09-21,168.44,59.4
2022-09-20,168.92,59.9
2022-09-19,168.73,59.99
2022-09-16,166.97,59.54
2022-09-15,165.88,59.53
2022-09-14,168.68,60.79
2022-09-13,167.41,60.47
2022-09-12,173.9,62.5
2022-09-09,173.22,62.32
2022-09-08,172.67,62.12
2022-09-07,173.25,62.31
2022-09-06,169.51,61.18
2022-09-02,170.66,61.15
2022-09-01,172.85,62
2022-08-31,172.27,61.71
2022-08-30,172.99,62.15
2022-08-29,174.49,62.73
2022-08-26,175.04,63.11
2022-08-25,179.27,64.67
2022-08-24,179.26,64.36
2022-08-23,178.37,64.27
2022-08-22,178.45,64.2
2022-08-19,180.17,65.17
2022-08-18,180.4,65.22
2022-08-17,180.22,64.88
2022-08-16,180.32,65.03
2022-08-15,179.28,64.5
2022-08-12,177.33,63.7
2022-08-11,175.04,63.22
2022-08-10,175.94,63.65
2022-08-09,174.5,63.05
2022-08-08,173.85,62.97
2022-08-05,174.55,63.38
2022-08-04,175.87,63.67
2022-08-03,176.83,63.92
2022-08-02,175.49,63.64
2022-08-01,176.95,64.52
2022-07-29,174.96,64.17
2022-07-28,174.84,64.06
2022-07-27,171.59,63.01
2022-07-26,171.83,63.21
2022-07-25,169.85,62.19
2022-07-22,169.61,61.59
2022-07-21,168.51,61.36
2022-07-20,168.26,61.5
2022-07-19,170.06,62.53
2022-07-18,168.26,61.65
2022-07-15,171.12,62.5
2022-07-14,170.98,62.18
2022-07-13,170.1,62.38
2022-07-12,169.5,62.67
2022-07-11,170.47,62.94
2022-07-08,171.88,63.14
2022-07-07,170.36,62.91
2022-07-06,170.7,63.41
2022-07-05,169.01,63.28
2022-07-01,169.39,64.38
2022-06-30,166.66,62.91
2022-06-29,166.73,62.73
2022-06-28,164.01,62.28
2022-06-27,166.35,62.91
2022-06-24,166.13,63.04
2022-06-23,164.1,61.88
2022-06-22,162.03,61.15
2022-06-21,160.71,60.7
2022-06-17,157.06,59.43
2022-06-16,157.03,59.07
2022-06-15,157.79,59.67
2022-06-14,156.12,59.23
2022-06-13,159.74,61.34
2022-06-10,162.52,61.41
2022-06-09,162.78,61.8
2022-06-08,165.73,62.89
2022-06-07,166.56,63.25
2022-06-06,165.54,62.87
2022-06-03,164.85,62.97
2022-06-02,166.68,63.73
2022-06-01,166.49,63.07
2022-05-31,167.75,63.38
2022-05-27,171.77,64.68
2022-05-26,170.11,64.3
2022-05-25,168.97,64.07
2022-05-24,167.82,64.02
2022-05-23,165.6,62.86
2022-05-20,162.21,60.98
2022-05-19,161.2,60
2022-05-18,163.65,61.2
2022-05-17,174.46,65.78
2022-05-16,175.47,65.96
2022-05-13,173.72,65.72
2022-05-12,170.4,64.51
2022-05-11,170.66,64.31
2022-05-10,171.49,64.01
2022-05-09,171.7,64.61
2022-05-06,170.41,64.74
2022-05-05,170.39,64.51
2022-05-04,173.86,65.03
2022-05-03,167.99,63.08
2022-05-02,167.76,63.44
2022-04-29,171.71,64.61
2022-04-28,177.5,66.19
2022-04-27,174.85,65.56
2022-04-26,173.3,65.05
2022-04-25,173.74,65.94
2022-04-22,172.15,65.25
2022-04-21,174.84,66.21
2022-04-20,175.47,65.96
2022-04-19,172.9,65.07
2022-04-18,170.42,64.44
2022-04-14,171.9,65.02
2022-04-13,173,64.73
2022-04-12,173.3,64.56
2022-04-11,172.6,63.81
2022-04-08,173.13,63.83
2022-04-07,172.55,63.44
2022-04-06,172.39,63.1
2022-04-05,169.5,62.47
2022-04-04,169.32,62.54
2022-04-01,169.76,62.87
2022-03-31,167.38,62
2022-03-30,167.96,62.21
2022-03-29,168.19,62.16
2022-03-28,165.73,61.92
2022-03-25,165.24,61.53
2022-03-24,164.47,60.98
2022-03-23,163.48,60.4
2022-03-22,164.34,60.8
2022-03-21,162.56,60.58
2022-03-18,162.79,60.1
2022-03-17,160.94,60.09
2022-03-16,159.7,59.46
2022-03-15,159,59.62
2022-03-14,155.89,58.54
2022-03-11,153.73,57.92
2022-03-10,154.51,57.88
2022-03-09,157.4,58.96
2022-03-08,157.87,58.66
2022-03-07,162.45,61.08
2022-03-04,165.75,62.57
2022-03-03,163.27,62.47
2022-03-02,164.52,62.43
2022-03-01,162.27,61.97
2022-02-28,163.74,62.24
2022-02-25,168.38,62.85
2022-02-24,163.79,60.51
2022-02-23,166.69,61.59
2022-02-22,168.35,62.28
2022-02-18,167.71,62.54
2022-02-17,166.75,62.12
2022-02-16,166.3,60.9
2022-02-15,165.96,60.91
2022-02-14,166.7,60.68
2022-02-11,168.58,60.29
2022-02-10,168.37,61.38
2022-02-09,171.94,61.04
2022-02-08,172.02,62
2022-02-07,171.81,61.6
2022-02-04,172.49,60.96
2022-02-03,175.37,61.61
2022-02-02,175.47,61.18
2022-02-01,172.34,60.56
2022-01-31,173.52,61.01
2022-01-28,172.67,60.84
2022-01-27,169.37,59.65
2022-01-26,169.53,59.6
2022-01-25,171.34,59.82
2022-01-24,173.33,59.96
2022-01-21,174.22,60.45
2022-01-20,173.94,60.75
2022-01-19,175.21,61
2022-01-18,173.96,60.9
2022-01-14,175.64,61.39
2022-01-13,174.18,60.9
2022-01-12,173.9,60.54
2022-01-11,174.09,60.45
2022-01-10,174.17,60.43
2022-01-07,174.08,60.33
2022-01-06,173.86,60.47
2022-01-05,173.82,60.79
2022-01-04,173.23,60.29
2022-01-03,172.98,59.3
2021-12-31,173.71,59.21
2021-12-30,172.67,58.78
2021-12-29,172.97,58.95
2021-12-28,172.36,58.88
2021-12-27,171.47,58.65
2021-12-23,169.78,58.22
2021-12-22,169.97,58.18
2021-12-21,168.92,57.77
2021-12-20,169.42,57.54
2021-12-17,168.3,57.73
2021-12-16,171.82,58.65
2021-12-15,171.57,58.06
2021-12-14,169.39,57.8
2021-12-13,169.81,57.76
2021-12-10,168.97,56.28
2021-12-09,166.31,54.86
2021-12-08,166.52,55
2021-12-07,166.23,55.21
2021-12-06,166.42,54.91
2021-12-03,164.71,53.54
2021-12-02,160.62,53.07
2021-12-01,160.16,52.3
2021-11-30,159.78,52.45
2021-11-29,164.14,54.58
2021-11-26,161.14,53.73
2021-11-24,163.74,55.43
2021-11-23,165.25,55.88
2021-11-22,164.15,55.47
2021-11-19,163.81,55.13
2021-11-18,163.42,55.41
2021-11-17,163.37,55.91
2021-11-16,163.31,56.22
2021-11-15,163.8,56.62
2021-11-12,162.65,56.61
2021-11-11,162.69,56.74
2021-11-10,164.04,56.72
2021-11-09,163.51,56.49
2021-11-08,162.43,56.33
2021-11-05,166,56.84
2021-11-04,164.31,56.6
2021-11-03,164.3,56.29
2021-11-02,162.74,56.1
2021-11-01,161.26,56.17
2021-10-29,161.6,56.37
2021-10-28,161.62,56.04
2021-10-27,160.61,55.52
2021-10-26,161.17,54.47
2021-10-25,159.22,54.23
2021-10-22,159.97,54.45
2021-10-21,159.18,54.35
2021-10-20,161.31,54.63
2021-10-19,160.1,54.15
2021-10-18,158.09,53.94
2021-10-15,158.81,54.48
2021-10-14,159.26,54.61
2021-10-13,157.99,54.24
2021-10-12,156.93,54.23
2021-10-11,156.24,54.23
2021-10-08,156.03,54.12
2021-10-07,156.39,53.88
2021-10-06,154.96,53.71
2021-10-05,151.09,53.08
2021-10-04,150.2,52.99
2021-10-01,150.95,53.02
2021-09-30,150.41,52.47
2021-09-29,152.3,52.96
2021-09-28,151.05,52.64
2021-09-27,152.72,53.61
2021-09-24,154.2,53.89
2021-09-23,154.13,54.04
2021-09-22,154.01,54.13
2021-09-21,153.54,54.05
2021-09-20,153.61,54.06
2021-09-17,154.13,54.44
2021-09-16,155.56,55.35
2021-09-15,156.02,55.88
2021-09-14,155.15,55.69
2021-09-13,155.76,56.07
2021-09-10,155.46,55.61
2021-09-09,155.73,55.86
2021-09-08,156.72,56.42
2021-09-07,154.53,55.67
2021-09-03,157.09,56.73
2021-09-02,156.95,56.77
2021-09-01,157.91,56.69
2021-08-31,156.39,56.31
2021-08-30,156,56.18
2021-08-27,154.94,55.65
2021-08-26,154.63,55.54
2021-08-25,155.2,56.07
2021-08-24,155.89,56.01
2021-08-23,157.85,56.44
2021-08-20,158.35,56.64
2021-08-19,158.91,56.86
2021-08-18,156.28,56.5
2021-08-17,157.9,57.28
2021-08-16,158.05,57.48
2021-08-13,156.52,57.23
2021-08-12,155.07,56.84
2021-08-11,155.04,56.73
2021-08-10,154.43,56.8
2021-08-09,154.35,56.65
2021-08-06,154.33,56.64
2021-08-05,154.31,56.5
2021-08-04,154.05,56.1
2021-08-03,156.67,56.92
2021-08-02,156.32,56.88
2021-07-30,156.95,57.03
2021-07-29,156.81,57.05
2021-07-28,156.49,56.74
2021-07-27,157.94,57.26
2021-07-26,157.07,57.06
2021-07-23,157.18,57.01
2021-07-22,155.19,56.47
2021-07-21,155.24,56.55
2021-07-20,155.82,55.83
2021-07-19,155.8,55.73
2021-07-16,155.82,56.4
2021-07-15,155.25,56.44
2021-07-14,154.54,56.26
2021-07-13,152.96,55.02
2021-07-12,149.51,54.48
2021-07-09,149.48,54.46
2021-07-08,149.86,54.13
2021-07-07,149.79,54.32
2021-07-06,149.13,53.88
2021-07-02,148.91,54.18
2021-07-01,148.2,53.96
2021-06-30,148.17,54.11
2021-06-29,146.94,53.86
2021-06-28,147.04,54.26
2021-06-25,146.41,54.32
2021-06-24,145.67,54.39
2021-06-23,144.85,54.12
2021-06-22,146.78,54.56
2021-06-21,146.56,54.36
2021-06-18,145.42,53.77
2021-06-17,148.52,54.95
2021-06-16,147.1,54.67
2021-06-15,148.58,55.41
2021-06-14,148.57,55.55
2021-06-11,147.69,56.16
2021-06-10,147.6,55.91
2021-06-09,146.1,55.48
2021-06-08,146.37,55.65
2021-06-07,147.75,56.04
2021-06-04,147.84,56.24
2021-06-03,147.67,55.64
2021-06-02,148.22,55.5
2021-06-01,147.63,55.28
2021-05-28,147.94,55.29
2021-05-27,146.51,55.49
2021-05-26,148.3,55.03
2021-05-25,148.3,54.79
2021-05-24,147.85,54.8
2021-05-21,147.1,54.62
2021-05-20,147.23,54.65
2021-05-19,145.43,54.17
2021-05-18,145.51,54.34
2021-05-17,146.17,54.64
2021-05-14,146.59,54.73
2021-05-13,146.37,54.51
2021-05-12,144.23,54.04
2021-05-11,145.65,54.32
2021-05-10,146.72,54.91
2021-05-07,145.56,54.51
2021-05-06,145.555,54.54
2021-05-05,143.89,54
2021-05-04,143.96,54.14
2021-05-03,145.79,54.48
2021-04-30,144.16,53.98
2021-04-29,143.94,54.26
2021-04-28,141.83,53.59
2021-04-27,142.89,53.58
2021-04-26,143.36,53.66
2021-04-23,145.83,54.47
2021-04-22,146.07,54.44
2021-04-21,146.98,54.61
2021-04-20,145.71,54.17
2021-04-19,144.75,54
2021-04-16,144.16,53.68
2021-04-15,142.31,53.33
2021-04-14,142.11,53.08
2021-04-13,143.05,53.09
2021-04-12,143.02,53.35
2021-04-09,142.57,53.18
2021-04-08,142.54,53.12
2021-04-07,143.41,53.28
2021-04-06,143.67,53.19
2021-04-05,143.16,52.81
2021-04-01,141.28,52.51
2021-03-31,141.45,52.71
2021-03-30,142.54,53.15
2021-03-29,144.81,53.85
2021-03-26,142.7,53.04
2021-03-25,139.63,52.02
2021-03-24,138.81,51.52
2021-03-23,139.46,51.39
2021-03-22,137.8,51
2021-03-19,134.5,50.81
2021-03-18,132.53,50.57
2021-03-17,133.62,51.24
2021-03-16,134.01,51.22
2021-03-15,133.03,51.03
2021-03-12,133.04,50.36
2021-03-11,133.22,50.88
2021-03-10,133.58,51.44
2021-03-09,132.25,50.86
2021-03-08,132.13,51.64
2021-03-05,133.03,50.79
2021-03-04,128.83,49.94
2021-03-03,129.14,49.98
2021-03-02,131.07,50.1
2021-03-01,130.62,49.9
2021-02-26,129.19,48.99
2021-02-25,130,50.17
2021-02-24,132.09,50.71
2021-02-23,132.78,50.54
2021-02-22,131.99,50.63
2021-02-19,132.51,50.11
2021-02-18,135.37,50.77
2021-02-17,134.46,50.13
2021-02-16,134.38,50.27
2021-02-12,133.87,50.69
2021-02-11,134.97,50.3
2021-02-10,137.7,49.6
2021-02-09,139.6,49.7
2021-02-08,140.4,49.92
2021-02-05,140.96,49.65
2021-02-04,139.68,49.01
2021-02-03,138.02,48.77
2021-02-02,138.38,48.96
2021-02-01,136.98,48.48
2021-01-29,136.57,48.15
2021-01-28,139.19,49.15
2021-01-27,138.04,48.53
2021-01-26,141.8,49.29
2021-01-25,140.18,48.78
2021-01-22,138.59,48.49
2021-01-21,139.61,48.95
2021-01-20,141.33,48.68
2021-01-19,142.06,48.51
2021-01-15,141.39,48.7
2021-01-14,141.76,49.23
2021-01-13,142.59,50.16
2021-01-12,141.43,50.11
2021-01-11,142.09,50.2
2021-01-08,144.18,51.08
2021-01-07,142.47,49.96
2021-01-06,142.93,50.52
2021-01-05,144.7,52.18
2021-01-04,144.27,52.76
2020-12-31,148.3,54.84
2020-12-30,147.31,54.44
2020-12-29,147.42,54.13
2020-12-28,146.91,54.16
2020-12-24,145.06,53.44
2020-12-23,144.41,53.08
2020-12-22,144.02,52.76
2020-12-21,145.4,52.81
2020-12-18,146.93,53.74
2020-12-17,145.71,53.27
2020-12-16,144.89,53.06
2020-12-15,144.77,53.84
2020-12-14,144.23,53.27
2020-12-11,144.97,53.35
2020-12-10,144.67,53.05
2020-12-09,145.69,53.33
2020-12-08,145.52,53.18
2020-12-07,145.37,52.99
2020-12-04,145.85,53.85
2020-12-03,144.45,52.78
2020-12-02,144.62,52.11
2020-12-01,146.07,52.04
2020-11-30,144.23,51.6
2020-11-27,144.6,52.7
2020-11-25,144.16,52.93
2020-11-24,144.03,53.22
2020-11-23,143.02,52.68
2020-11-20,143.42,52.67
2020-11-19,143.32,53.13
2020-11-18,143.38,52.61
2020-11-17,145.24,53.68
2020-11-16,145.76,53.85
2020-11-13,144.71,53.45
2020-11-12,143.84,53.01
2020-11-11,143.9,53.58
2020-11-10,141.72,53.98
2020-11-09,138.45,52.57
2020-11-06,138.38,49.45
2020-11-05,138.05,49.44
2020-11-04,137.86,49.17
2020-11-03,137.04,49.35
2020-11-02,135.15,48.62
2020-10-30,133.29,48.06
2020-10-29,133.99,48.02
2020-10-28,134.17,47.96
2020-10-27,139.12,49.9
2020-10-26,138.06,49.8
2020-10-23,139.56,50.52
2020-10-22,139.61,50.68
2020-10-21,139.6,49.99
2020-10-20,139.71,50.25
2020-10-19,139.68,49.62
2020-10-16,141.73,50.03
2020-10-15,141.43,49.99
2020-10-14,142.52,50.12
2020-10-13,143.54,50.22
2020-10-12,142.13,51.09
2020-10-09,138.44,50.81
2020-10-08,137.85,50.46
2020-10-07,137.01,49.56
2020-10-06,135.7,48.94
2020-10-05,137.93,49.38
2020-10-02,138.06,49.36
2020-10-01,140.8,49.18
2020-09-30,138.6,49.37
2020-09-29,137.16,48.92
2020-09-28,137.97,49.28
2020-09-25,133.55,48.72
2020-09-24,131.58,48.7
2020-09-23,131,48.21
2020-09-22,132.15,49.66
2020-09-21,131.24,49.09
2020-09-18,131.47,50.45
2020-09-17,133.2,50.55
2020-09-16,134.98,50.79
2020-09-15,135.62,51.05
2020-09-14,136.67,50.71
2020-09-11,135.81,51.06
2020-09-10,134.76,50
2020-09-09,137.11,50.19
2020-09-08,135.55,49.81
2020-09-04,138.76,51.04
2020-09-03,139.37,50.48
2020-09-02,143.29,51.19
2020-09-01,139.19,49.12
2020-08-31,140.06,49.53
2020-08-28,139.94,49.83
2020-08-27,138.4,48.23
2020-08-26,138.47,48.16
2020-08-25,137.3,47.91
2020-08-24,137.64,47.97
2020-08-21,136.46,47.28
2020-08-20,136.72,47.35
2020-08-19,136.45,47.37
2020-08-18,138.11,48.42
2020-08-17,137.92,48.21
2020-08-14,137.56,48.45
2020-08-13,138.1,48.38
2020-08-12,137.8,48.43
2020-08-11,135.12,47.93
2020-08-10,135.98,47.72
2020-08-07,136.74,47.8
2020-08-06,135.86,47.48
2020-08-05,136.25,47.22
2020-08-04,137.47,46.69
2020-08-03,136.7,46.3
2020-07-31,137.66,47.24
2020-07-30,137.69,47.69
2020-07-29,137.93,48.02
2020-07-28,137.38,48.18
2020-07-27,137.67,48.48
2020-07-24,136.06,48.49
2020-07-23,137.08,48.28
2020-07-22,136.01,48.48
2020-07-21,134.43,47.2
2020-07-20,133.11,46.12
2020-07-17,134.66,46.82
2020-07-16,133.88,46.15
2020-07-15,133.69,46.4
2020-07-14,135.52,45.87
2020-07-13,134.91,45.25
2020-07-10,134.46,45.15
2020-07-09,132.71,43.91
2020-07-08,134.22,45.07
2020-07-07,133.57,45.21
2020-07-06,133.3,45.23
2020-07-02,132.85,44.88
2020-07-01,132.36,44.82
2020-06-30,132.26,44.68
2020-06-29,131.08,44.36
2020-06-26,128.93,43.57
2020-06-25,131.41,44.93
2020-06-24,129.56,44.65
2020-06-23,131.36,45.64
2020-06-22,131.05,45.74
2020-06-19,131.28,46.02
2020-06-18,132.78,46.99
2020-06-17,131.76,46.58
2020-06-16,131.67,46.77
2020-06-15,130.48,46.3
2020-06-12,129,45.6
2020-06-11,127.84,45.54
2020-06-10,134.13,48.62
2020-06-09,132.97,49
2020-06-08,132.21,49.85
2020-06-05,132.44,49.09
2020-06-04,130.57,47.92
2020-06-03,132.82,47.9
2020-06-02,132.63,46.9
2020-06-01,132.99,46.99
2020-05-29,131.55,46.68
2020-05-28,132.29,47.09
2020-05-27,130.81,46.73
2020-05-26,129.75,46.09
2020-05-22,130.48,45.03
2020-05-21,130.21,45.17
2020-05-20,131.26,45.89
2020-05-19,131.73,44.54
2020-05-18,135.52,44.97
2020-05-15,135.95,43.26
2020-05-14,133.08,43.7
2020-05-13,132.96,43.94
2020-05-12,132.94,44.82
2020-05-11,134.38,45.54
2020-05-08,134.23,46.11
2020-05-07,131.55,44.6
2020-05-06,130.78,44.75
2020-05-05,131.67,45.4
2020-05-04,130.92,45.14
2020-05-01,130.14,45.6
2020-04-30,132.29,45.89
2020-04-29,133.36,47.12
2020-04-28,136.32,46.74
2020-04-27,134.46,46.78
2020-04-24,134.36,45.43
2020-04-23,130.26,45.07
2020-04-22,132.62,45.68
2020-04-21,130.94,45.38
2020-04-20,134.55,46.53
2020-04-17,137.55,48.06
2020-04-16,135.64,47.1
2020-04-15,135.03,47.61
2020-04-14,138.4,48.92
2020-04-13,130.89,46.93
2020-04-09,133.63,49
2020-04-08,132.61,47.82
2020-04-07,130.48,46.51
2020-04-06,131.16,46.67
2020-04-03,124.59,43.83
2020-04-02,123.86,43.95
2020-04-01,118.12,42.12
2020-03-31,120.1,44.25
2020-03-30,125.48,45
2020-03-27,120.46,42.81
2020-03-26,120.26,44.29
2020-03-25,112.5,41.61
2020-03-24,113.84,39.45
2020-03-23,105.18,37.56
2020-03-20,103.93,38.3
2020-03-19,117.34,41.83
2020-03-18,120.92,44.85
2020-03-17,127.72,47.18
2020-03-16,113.09,45.26
2020-03-13,127.45,48.47
2020-03-12,115.34,47.16
2020-03-11,129.75,52.21
2020-03-10,134.14,53.66
2020-03-09,130.16,51.86
2020-03-06,137.26,55.26
2020-03-05,138.1,56.74
2020-03-04,142.39,58.92
2020-03-03,135.58,56.06
2020-03-02,137.58,55.92
2020-02-28,132.03,53.49
2020-02-27,136.37,54.93
2020-02-26,141.98,57.6
2020-02-25,141.1,57.82
2020-02-24,142.64,58.65
2020-02-21,145.85,60.13
2020-02-20,145.16,59.72
2020-02-19,145.53,59.77
2020-02-18,145.6,59.53
2020-02-14,146.99,59.95
2020-02-13,146.47,59.61
2020-02-12,146.08,59.41
2020-02-11,146.08,59.59
2020-02-10,145.66,59.75
2020-02-07,145.37,59.19
2020-02-06,144.33,58.99
2020-02-05,144.3,58.85
2020-02-04,143.22,58.84
2020-02-03,142.51,58.58
2020-01-31,142.02,58.4
2020-01-30,143.83,58.86
2020-01-29,141.73,57.01
2020-01-28,142.44,57.01
2020-01-27,142.14,57.48
2020-01-24,142.915,57.68
2020-01-23,143.65,57.83
2020-01-22,143.38,57.61
2020-01-21,141.86,57.17
2020-01-17,141.26,56.94
2020-01-16,139.61,56.82
2020-01-15,139.2,56.7
2020-01-14,136.85,56
2020-01-13,136.53,56.13
2020-01-10,134.53,55.53
2020-01-09,134.79,55.34
2020-01-08,134.7,54.35
2020-01-07,134.01,54.25
2020-01-06,136.15,54.67
2020-01-03,135.63,54.69
2020-01-02,135.82,54.99
2019-12-31,136.67,55.35
2019-12-30,136.81,55.27
2019-12-27,137.54,55.35
2019-12-26,136.69,55.02
2019-12-24,136.89,54.71
2019-12-23,137.04,54.91
2019-12-20,137.92,54.97
2019-12-19,136.47,54.32
2019-12-18,135.97,53.91
2019-12-17,136.17,54.42
2019-12-16,137.06,54.42
2019-12-13,137.94,54.42
2019-12-12,137.18,54.14
2019-12-11,137.1,53.95
2019-12-10,136.27,53.77
2019-12-09,137.16,54.07
2019-12-06,137.36,54.42
2019-12-05,136.34,54.19
2019-12-04,137.3,54.29
2019-12-03,135.46,53.8
2019-12-02,135.88,53.75
2019-11-29,135.83,53.4
2019-11-27,135.91,53.95
2019-11-26,135.7,53.9
2019-11-25,133.83,53.22
2019-11-22,134.07,53.03
2019-11-21,133.91,52.96
2019-11-20,133.74,53.22
2019-11-19,134.57,53.08
2019-11-18,134.06,53.03
2019-11-15,133.81,52.67
2019-11-14,133.33,52.63
2019-11-13,133.29,52.41
2019-11-12,131.98,51.71
2019-11-11,132.39,51.84
2019-11-08,133.13,52.21
2019-11-07,133.32,52.29
2019-11-06,134.44,52.8
2019-11-05,134.01,52.42
2019-11-04,135.16,53.14
2019-11-01,136.93,53.9
2019-10-31,137.17,54.43
2019-10-30,136.9,53.94
2019-10-29,136.08,53.41
2019-10-28,136.57,53.57
2019-10-25,136.64,53.75
2019-10-24,137.89,54.61
2019-10-23,137.45,54.64
2019-10-22,136.66,53.85
2019-10-21,136.12,54.23
2019-10-18,136.25,54.78
2019-10-17,136.96,53.79
2019-10-16,136.42,53.49
2019-10-15,136.33,53.51
2019-10-14,137.45,53.3
2019-10-11,137.64,53.3
2019-10-10,137.89,53.66
2019-10-09,137.85,53.83
2019-10-08,137.24,53.58
2019-10-07,138.34,53.87
2019-10-04,140.28,54.54
2019-10-03,137.93,53.84
2019-10-02,133.94,53.08
2019-10-01,137.37,54.65
2019-09-30,137.1,54.44
2019-09-27,135.6,54.31
2019-09-26,135.72,54.39
2019-09-25,135.09,54.17
2019-09-24,135.36,54.3
2019-09-23,135.44,54.14
2019-09-20,134.71,53.91
2019-09-19,135.48,54.52
2019-09-18,135.5,54.23
2019-09-17,135.7,54.24
2019-09-16,134.88,53.96
2019-09-13,136.44,54.26
2019-09-12,137.29,55.11
2019-09-11,136.36,54.77
2019-09-10,135.86,54.4
2019-09-09,136.4,54.52
2019-09-06,137.37,55.23
2019-09-05,135.98,55.12
2019-09-04,139.15,55.77
2019-09-03,137.46,55.3
2019-08-30,136.73,55.04
2019-08-29,136.02,55.05
2019-08-28,135.19,55.11
2019-08-27,134.76,54.72
2019-08-26,133.74,54.54
2019-08-23,130.27,53.74
2019-08-22,132.66,54.49
2019-08-21,132.34,54.1
2019-08-20,132.06,53.88
2019-08-19,132.57,54.69
2019-08-16,131.76,54.41
2019-08-15,130.72,53.87
2019-08-14,129.12,52.99
2019-08-13,129.93,53.5
2019-08-12,128.35,53.2
2019-08-09,128.6,53.42
2019-08-08,129.47,53.69
2019-08-07,127.78,53.18
2019-08-06,126.45,52.27
2019-08-05,124.4,51.65
2019-08-02,127.92,52.33
2019-08-01,127.14,52.03
2019-07-31,127.81,52.63
2019-07-30,130.48,53.72
2019-07-29,131.53,53.99
2019-07-26,131.22,54.17
2019-07-25,128.99,53.07
2019-07-24,129.21,53.78
2019-07-23,130.74,54.33
2019-07-22,130.28,51.22
2019-07-19,130.09,51.39
2019-07-18,132.88,52.03
2019-07-17,132.78,52.18
2019-07-16,133.8,52.14
2019-07-15,134.15,52.13
2019-07-12,133.28,52.12
2019-07-11,134.35,52.04
2019-07-10,134.41,51.82
2019-07-09,131.74,51.59
2019-07-08,132.56,52
2019-07-05,133.02,52.11
2019-07-03,133.99,52.1
2019-07-02,132.43,51.98
2019-07-01,131.87,51.6
2019-06-28,131.13,50.92
2019-06-27,131.69,51.08
2019-06-26,132.32,51.12
2019-06-25,133.81,51.76
2019-06-24,134.14,51.92
2019-06-21,133.96,51.55
2019-06-20,134.16,51.66
2019-06-19,132.85,51.12
2019-06-18,132.06,50.64
2019-06-17,132.52,50.87
2019-06-14,132.73,51.31
2019-06-13,132.94,51.13
2019-06-12,133.14,51.64
2019-06-11,133.2,51.33
2019-06-10,133.59,51.38
2019-06-07,133.47,51.49
2019-06-06,131.98,51.4
2019-06-05,131.39,50.78
2019-06-04,129.07,50
2019-06-03,128.98,49.98
2019-05-31,128,49.13
2019-05-30,128.61,49.25
2019-05-29,128.17,48.61
2019-05-28,127.63,49.1
2019-05-24,129.5,49.61
2019-05-23,129.97,49.85
2019-05-22,130.07,49.65
2019-05-21,129.05,48.6
2019-05-20,129.99,48.85
2019-05-17,130.51,49.2
2019-05-16,130.27,49.58
2019-05-15,129.35,49.18
2019-05-14,127.41,48.69
2019-05-13,127.16,48.05
2019-05-10,128.01,48.19
2019-05-09,126.05,47.4
2019-05-08,126.02,47.85
2019-05-07,125.98,48
2019-05-06,127.27,48.47
2019-05-03,127.67,48.72
2019-05-02,126.83,48.39
2019-05-01,127.24,48.59
2019-04-30,128.05,49.06
2019-04-29,126.69,48.42
2019-04-26,126.4,48.26
2019-04-25,126.13,47.84
2019-04-24,126.92,47.98
2019-04-23,127.09,48.21
2019-04-22,126.44,47.4
2019-04-18,127.09,47.48
2019-04-17,127.01,47.28
2019-04-16,122.41,46.95
2019-04-15,123.66,47
2019-04-12,122.23,46.74
2019-04-11,121.67,46.71
2019-04-10,122.04,46.64
2019-04-09,122.17,46.67
2019-04-08,122,46.55
2019-04-05,121.62,46.47
2019-04-04,121.47,46.48
2019-04-03,121.56,46.18
2019-04-02,121.68,46.57
2019-04-01,122,46.72
2019-03-29,122.55,46.86
2019-03-28,121.84,46.58
2019-03-27,121.89,46.61
2019-03-26,122.02,46.64
2019-03-25,120.85,46.03
2019-03-22,120.72,45.93
2019-03-21,119.44,45.51
2019-03-20,118.32,45.53
2019-03-19,118.09,45.56
2019-03-18,117.27,45.41
2019-03-15,115.66,45.3
2019-03-14,115.5,45.7
2019-03-13,116.58,46.22
2019-03-12,116.57,46.05
2019-03-11,116.59,46.18
2019-03-08,115.23,44.84
2019-03-07,116.1,45.28
2019-03-06,116.66,45.45
2019-03-05,116.03,45.6
2019-03-04,116.17,45.65
2019-03-01,116.18,45.38
2019-02-28,115.64,45.34
2019-02-27,115.37,44.94
2019-02-26,115.97,44.69
2019-02-25,116.06,44.94
2019-02-22,116.76,45.28
2019-02-21,116.1,45.86
2019-02-20,115.83,45.1
2019-02-19,115.93,44.83
2019-02-15,115.91,45.24
2019-02-14,112.59,45.59
2019-02-13,114.12,49.79
2019-02-12,113.79,49.66
2019-02-11,112.97,49.61
2019-02-08,113.015,49.5
2019-02-07,113.09,49.42
2019-02-06,113.05,49.26
2019-02-05,112.9,49.26
2019-02-04,113.09,49.25
2019-02-01,112.19,48.7
2019-01-31,112.67,48.13
2019-01-30,110.82,47.86
2019-01-29,109,47.4
2019-01-28,108.82,47.17
2019-01-25,109.35,47.37
2019-01-24,109.5,47.69
2019-01-23,110.73,48.27
2019-01-22,109.91,47.72
2019-01-18,110.07,47.61
2019-01-17,109.22,47.06
2019-01-16,108.34,46.92
2019-01-15,108.99,47.57
2019-01-14,107.32,47.15
2019-01-11,108.16,47.34
2019-01-10,108.15,47.07
2019-01-09,107.49,46.57
2019-01-08,110.58,47.48
2019-01-07,109.53,46.95
2019-01-04,110.48,47.57
2019-01-03,108.26,46.64
2019-01-02,109.28,46.93
2018-12-31,110.48,47.35
2018-12-28,110.36,47.2
2018-12-27,109.42,47.53
2018-12-26,108.33,46.94
2018-12-24,106.03,45.96
2018-12-21,109.42,47.57
2018-12-20,110.21,47.54
2018-12-19,110.04,47.9
2018-12-18,111.84,48.32
2018-12-17,112.87,48.33
2018-12-14,113.95,49.34
2018-12-13,118.35,49.47
2018-12-12,117,49.22
2018-12-11,117.29,49.54
2018-12-10,116.19,49.24
2018-12-07,115.82,49.09
2018-12-06,116.84,49.38
2018-12-04,117.8,49.58
2018-12-03,118.98,49.69
2018-11-30,121.94,50.4
2018-11-29,118.27,48.98
2018-11-28,118.5,49.71
2018-11-27,116.44,49.37
2018-11-26,115.86,48.87
2018-11-23,115.41,49.02
2018-11-21,115.28,48.73
2018-11-20,116,49.38
2018-11-19,119.01,50.51
2018-11-16,118.35,50.17
2018-11-15,116.8,49.74
2018-11-14,116.65,49.76
2018-11-13,117.14,49.86
2018-11-12,116.97,49.87
2018-11-09,117.48,49.68
2018-11-08,116.06,49.33
2018-11-07,115.61,49.37
2018-11-06,115.21,49.11
2018-11-05,114.39,48.69
2018-11-02,111.17,48
2018-11-01,111.51,47.74
2018-10-31,112.38,47.88
2018-10-30,113.77,47.63
2018-10-29,112.89,46.46
2018-10-26,110.45,45.92
2018-10-25,112.85,46.51
2018-10-24,112.96,46.73
2018-10-23,110.13,46.36
2018-10-22,109.4,45.97
2018-10-19,110.29,46.33
2018-10-18,107.93,45.61
2018-10-17,108.31,45.86
2018-10-16,107.39,45.49
2018-10-15,105.63,44.91
2018-10-12,105.28,44.68
2018-10-11,105.06,44.64
2018-10-10,107.34,45.68
2018-10-09,108.12,46.39
2018-10-08,108.19,46.48
2018-10-05,106.49,45.88
2018-10-04,106.61,45.85
2018-10-03,107.52,45.87
2018-10-02,108.72,46.51
2018-10-01,110.71,46.23
2018-09-28,111.8,46.19
2018-09-27,111.05,46.01
2018-09-26,111.5,45.85
2018-09-25,111.97,45.68
2018-09-24,112.27,46.07
2018-09-21,114.91,46.58
2018-09-20,115.22,46.64
2018-09-19,113.77,45.96
2018-09-18,113.98,45.93
2018-09-17,115.4,46.32
2018-09-14,114.57,45.99
2018-09-13,114.99,45.83
2018-09-12,113.85,46.24
2018-09-11,113.33,46.02
2018-09-10,113.57,46.06
2018-09-07,112.74,45.72
2018-09-06,113.5,45.77
2018-09-05,113.12,45.38
2018-09-04,111,44.76
2018-08-31,112.01,44.57
2018-08-30,111.96,44.95
2018-08-29,112.05,45.33
2018-08-28,111.17,45.37
2018-08-27,112.41,45.69
2018-08-24,112.15,45.63
2018-08-23,111.93,45.7
2018-08-22,112.24,45.93
2018-08-21,113.72,46.22
2018-08-20,114.84,46.73
2018-08-17,114.96,46.6
2018-08-16,114.25,46.22
2018-08-15,113.45,46.08
2018-08-14,113.1,45.89
2018-08-13,113.02,45.83
2018-08-10,112.87,46.08
2018-08-09,113.7,46.35
2018-08-08,113.49,46.15
2018-08-07,114.22,46.5
2018-08-06,117.38,46.65
2018-08-03,116.3,46.62
2018-08-02,114.69,46.18
2018-08-01,113.61,46.39
2018-07-31,115,46.63
2018-07-30,114.18,46.23
2018-07-27,114.28,46.21
2018-07-26,115,46.24
2018-07-25,115.21,46.09
2018-07-24,114.74,45.26
2018-07-23,114.39,44.95
2018-07-20,116.01,45.28
2018-07-19,115.77,45.11
2018-07-18,114.83,45.12
2018-07-17,114.88,45.25
2018-07-16,112.96,44.73
2018-07-13,112.69,44.74
2018-07-12,111.53,44.67
2018-07-11,112.54,44.79
2018-07-10,112.89,44.97
2018-07-09,107.76,44.4
2018-07-06,109.56,44.64
2018-07-05,109.55,44.66
2018-07-03,108.8,43.99
2018-07-02,109.53,43.75
2018-06-29,108.87,43.86
2018-06-28,108.68,43.47
2018-06-27,108.27,43.07
2018-06-26,108.05,43.33
2018-06-25,108.99,43.58
2018-06-22,108.37,43.25
2018-06-21,107.24,43.09
2018-06-20,105.81,43.26
2018-06-19,105.96,43.6
2018-06-18,105.38,43.55
2018-06-15,107.61,44.12
2018-06-14,105.13,43.58
2018-06-13,105.27,44.18
2018-06-12,104.48,44.41
2018-06-11,103.21,44.13
2018-06-08,102.49,43.95
2018-06-07,101.16,43.44
2018-06-06,100.83,43.46
2018-06-05,100.21,43.11
2018-06-04,100.12,43.49
2018-06-01,100.25,43.12
2018-05-31,100.25,43
2018-05-30,101.83,43.13
2018-05-29,101.1,42.68
2018-05-25,100.31,42.4
2018-05-24,100.18,42.32
2018-05-23,100.45,42.4
2018-05-22,99.93,42.25
2018-05-21,99.51,42.41
2018-05-18,97.51,42.18
2018-05-17,97.92,42.3
2018-05-16,97.19,41.55
2018-05-15,96.8,41.72
2018-05-14,97.15,42.04
2018-05-11,97.43,42.14
2018-05-10,97.27,42.18
2018-05-09,96.16,41.78
2018-05-08,96.79,41.81
2018-05-07,98.23,42.14
2018-05-04,98.99,42.36
2018-05-03,97.6,41.89
2018-05-02,97.23,42.06
2018-05-01,99.13,42.59
2018-04-30,100.94,43.21
2018-04-27,101.71,43.31
2018-04-26,103.26,42.75
2018-04-25,101.15,42.43
2018-04-24,101.44,43.07
2018-04-23,102.58,43.98
2018-04-20,102.48,43.74
2018-04-19,105.57,44.31
2018-04-18,106.98,44.51
2018-04-17,108.87,44.88
2018-04-16,109.92,44.68
2018-04-13,109.26,44.51
2018-04-12,108.31,44.03
2018-04-11,108.68,43.99
2018-04-10,109.4,43.99
2018-04-09,109.38,43.83
2018-04-06,109.3,43.92
2018-04-05,110.57,44.4
2018-04-04,110.18,44.24
2018-04-03,108.19,43.38
2018-04-02,107.05,42.67
2018-03-29,109.15,43.43
2018-03-28,109.18,43.32
2018-03-27,107.64,42.89
2018-03-26,106.81,42.69
2018-03-23,106.15,42.33
2018-03-22,107.94,42.76
2018-03-21,108.74,43
2018-03-20,109.9,43.16
2018-03-19,110.36,43.26
2018-03-16,111.64,43.46
2018-03-15,111.99,43.67
2018-03-14,112.61,43.78
2018-03-13,113.6,44.57
2018-03-12,112.75,44.53
2018-03-09,112.54,44.82
2018-03-08,112.08,44.45
2018-03-07,109.84,43.82
2018-03-06,109.58,43.93
2018-03-05,109.43,43.89
2018-03-02,109.04,43.72
2018-03-01,108.12,43.43
2018-02-28,109.73,43.22
2018-02-27,110.89,43.62
2018-02-26,110.94,44.03
2018-02-23,109.68,44.04
2018-02-22,109.26,43.52
2018-02-21,108,43.34
2018-02-20,109.48,43.99
2018-02-16,111.06,44.98
2018-02-15,110.97,44.78
2018-02-14,109.11,44.1
2018-02-13,112.14,44.19
2018-02-12,111.93,43.97
2018-02-09,111.18,43.13
2018-02-08,110.15,43.1
2018-02-07,113.5,44.56
2018-02-06,113.56,44.67
2018-02-05,114.46,44.89
2018-02-02,118.67,46.73
2018-02-01,120.3,47.45
2018-01-31,120.3,47.59
2018-01-30,119.89,47.41
2018-01-29,119.67,47.7
2018-01-26,121.76,48.53
2018-01-25,120.9,47.84
2018-01-24,121.14,47.83
2018-01-23,121.3,47.45
2018-01-22,121.51,47.38
2018-01-19,120.17,47.16
2018-01-18,119.05,46.88
2018-01-17,119.18,46.82
2018-01-16,117.86,46.53
2018-01-12,117.38,46.15
2018-01-11,116.88,46.04
2018-01-10,117.48,46.07
2018-01-09,118.08,46.23
2018-01-08,117.99,46
2018-01-05,118.67,46.07
2018-01-04,118.33,46.08
2018-01-03,117.75,45.44
2018-01-02,118.06,45.54
2017-12-29,119.92,45.88
2017-12-28,119.35,45.72
2017-12-27,119.3,45.93
2017-12-26,118.89,45.81
2017-12-22,118.6,45.59
2017-12-21,118.26,45.6
2017-12-20,119.02,46.08
2017-12-19,118.61,46.13
2017-12-18,118.05,45.93
2017-12-15,119.22,46.19
2017-12-14,118.02,46.03
2017-12-13,117.8,45.9
2017-12-12,117.4,45.29
2017-12-11,117.39,45.33
2017-12-08,116.57,45.31
2017-12-07,116.73,45.78
2017-12-06,118.9,46.45
2017-12-05,117.59,46.26
2017-12-04,117.46,46.23
2017-12-01,116.78,45.97
2017-11-30,116.52,45.77
2017-11-29,116.84,45.5
2017-11-28,116.77,45.83
2017-11-27,115.85,45.9
2017-11-24,115.9,45.88
2017-11-22,115.08,45.84
2017-11-21,116.05,45.78
2017-11-20,114.91,45.46
2017-11-17,114.68,45.71
2017-11-16,115.23,46.55
2017-11-15,115.1,46.81
2017-11-14,115.76,47.43
2017-11-13,114.04,46.72
2017-11-10,112.75,46.54
2017-11-09,111.48,46.23
2017-11-08,112,46.18
2017-11-07,110.47,45.94
2017-11-06,109.26,45.47
2017-11-03,110.22,45.97
2017-11-02,110.05,45.88
2017-11-01,110.13,45.8
2017-10-31,110.23,45.98
2017-10-30,109.65,45.86
2017-10-27,110.6,46.07
2017-10-26,110.73,46.23
2017-10-25,110.07,46.05
2017-10-24,110.75,46.18
2017-10-23,111.69,46.32
2017-10-20,111.61,46.38
2017-10-19,112.67,46.59
2017-10-18,111.95,46.4
2017-10-17,112.19,46.52
2017-10-16,113.57,46.62
2017-10-13,112.62,46.18
2017-10-12,112.45,46.11
2017-10-11,111.51,46.1
2017-10-10,110.78,45.87
2017-10-09,110.01,45.41
2017-10-06,110.4,45.49
2017-10-05,110.45,45.52
2017-10-04,109.34,45.5
2017-10-03,109.13,45.19
2017-10-02,109.12,44.8
2017-09-29,111.43,45.01
2017-09-28,111.64,44.91
2017-09-27,111.1,44.64
2017-09-26,111.81,45.57
2017-09-25,111.94,45.69
2017-09-22,111.85,45.49
2017-09-21,112.8,45.4
2017-09-20,113.58,45.78
2017-09-19,114.49,45.98
2017-09-18,114.99,46.11
2017-09-15,114.85,46.18
2017-09-14,114.19,46.11
2017-09-13,114.45,46.87
2017-09-12,115,46.72
2017-09-11,115.69,46.52
2017-09-08,115.04,46.3
2017-09-07,116.99,46.28
2017-09-06,116.35,45.96
2017-09-05,115.87,45.92
2017-09-01,115.84,45.78
2017-08-31,115.73,45.55
2017-08-30,115.15,45.39
2017-08-29,115.84,45.45
2017-08-28,115.54,45.42
2017-08-25,115.85,45.57
2017-08-24,116.22,45.41
2017-08-23,117.29,45.54
2017-08-22,117.92,45.6
2017-08-21,118.26,45.68
2017-08-18,117.6,45.67
2017-08-17,118.39,45.86
2017-08-16,119.1,46.2
2017-08-15,118.97,46.19
2017-08-14,117.84,45.8
2017-08-11,116.51,45.59
2017-08-10,116.38,45.74
2017-08-09,116.63,45.59
2017-08-08,116.71,45.6
2017-08-07,116.96,45.64
2017-08-04,116.37,45.5
2017-08-03,116.3,45.67
2017-08-02,115.61,45.59
2017-08-01,115.92,45.7
2017-07-31,116.61,45.84
2017-07-28,116.61,46.01
2017-07-27,117.34,46.12
2017-07-26,117.19,45.74
2017-07-25,116.45,45.24
2017-07-24,116.13,44.84
2017-07-21,116.63,45.03
2017-07-20,115.51,44.82
2017-07-19,115.34,44.83
2017-07-18,115.01,44.67
2017-07-17,114.93,44.73
2017-07-14,114.93,44.68
2017-07-13,114.02,44.43
2017-07-12,114.77,44.51
2017-07-11,113.74,44.33
2017-07-10,114.27,44.38
2017-07-07,115.51,44.39
2017-07-06,115.13,44.4
2017-07-05,115.3,44.82
2017-07-03,115.44,44.76
2017-06-30,115.49,44.85
2017-06-29,115.18,44.83
2017-06-28,116.38,45.32
2017-06-27,115.94,45.05
2017-06-26,117.12,45.43
2017-06-23,116.96,45.25
2017-06-22,116.15,45.07
2017-06-21,117.42,45.22
2017-06-20,117.95,45.61
2017-06-19,117.29,45.38
2017-06-16,116.86,45.31
2017-06-15,117.21,45.25
2017-06-14,117.37,45.3
2017-06-13,116.32,45.03
2017-06-12,116.23,45.33
2017-06-09,115.94,45.32
2017-06-08,115.89,45.13
2017-06-07,117.05,45.51
2017-06-06,117.7,45.98
2017-06-05,117.88,45.99
2017-06-02,117.67,45.89
2017-06-01,117.23,45.79
2017-05-31,116.87,45.47
2017-05-30,118.01,45.43
2017-05-26,117.91,45.39
2017-05-25,117.53,45.41
2017-05-24,116.06,45.03
2017-05-23,115.05,44.39
2017-05-22,114.7,44.18
2017-05-19,113.69,43.9
2017-05-18,114.03,43.8
2017-05-17,113.74,43.93
2017-05-16,113.79,43.85
2017-05-15,113.94,43.73
2017-05-12,112.91,43.59
2017-05-11,113.04,43.67
2017-05-10,112.84,43.57
2017-05-09,112.72,43.51
2017-05-08,113.22,43.89
2017-05-05,113.22,43.69
2017-05-04,112.96,43.66
2017-05-03,111.79,43.32
2017-05-02,112.29,43.39
2017-05-01,112.28,43.22
2017-04-28,113.28,43.15
2017-04-27,112.64,43.01
2017-04-26,113.33,43.24
2017-04-25,114.16,43.11
2017-04-24,114.32,43.28
2017-04-21,113.43,43.07
2017-04-20,113.59,43.09
2017-04-19,113.62,43.23
2017-04-18,114.28,43.48
2017-04-17,113.32,43.07
2017-04-13,112.68,42.79
2017-04-12,113.61,42.94
2017-04-11,111.73,42.66
2017-04-10,112.02,42.69
2017-04-07,111.61,42.61
2017-04-06,111.58,42.67
2017-04-05,111.94,42.57
2017-04-04,112.08,42.68
2017-04-03,111.86,42.41
2017-03-31,111.86,42.44
2017-03-30,112.18,42.6
2017-03-29,112.43,42.42
2017-03-28,112.45,42.43
2017-03-27,111.83,42.32
2017-03-24,112.12,42.12
2017-03-23,111.78,42.17
2017-03-22,112.02,42.38
2017-03-21,111.77,42.5
2017-03-20,111.15,42.18
2017-03-17,111.39,42.03
2017-03-16,111.14,42.25
2017-03-15,111.11,42.12
2017-03-14,109.34,41.97
2017-03-13,109.41,42.03
2017-03-10,109.59,42.29
2017-03-09,109.02,42.03
2017-03-08,109.3,41.99
2017-03-07,109.32,41.99
2017-03-06,109.63,42.18
2017-03-03,110.56,42.48
2017-03-02,110.11,42.47
2017-03-01,109.73,42.16
2017-02-28,110.38,41.96
2017-02-27,109.27,41.67
2017-02-24,109.83,41.78
2017-02-23,109.54,41.66
2017-02-22,109.41,41.6
2017-02-21,109.36,41.46
2017-02-17,108.15,41.23
2017-02-16,108.12,41.2
2017-02-15,106.73,40.44
2017-02-14,106.92,40.53
2017-02-13,106.52,40.62
2017-02-10,106.1,40.58
2017-02-09,105.97,41.25
2017-02-08,105.69,42.02
2017-02-07,105.61,41.9
2017-02-06,104.57,41.56
2017-02-03,105.11,41.54
2017-02-02,104.03,41.4
2017-02-01,103.01,41.26
2017-01-31,103.78,41.57
2017-01-30,103.69,41.38
2017-01-27,103.48,41.45
2017-01-26,104.14,41.81
2017-01-25,104.61,42.12
2017-01-24,104.71,41.9
2017-01-23,104.01,41.43
2017-01-20,103.24,41.32
2017-01-19,102.36,41.14
2017-01-18,102.74,41.29
2017-01-17,102.19,41.22
2017-01-13,101.55,40.88
2017-01-12,101.84,40.95
2017-01-11,101.81,41.05
2017-01-10,101.97,41.04
2017-01-09,103.46,41.32
2017-01-06,104.56,41.74
2017-01-05,104.71,41.75
2017-01-04,104.85,41.65
2017-01-03,104.65,41.8
2016-12-30,104.63,41.46
2016-12-29,104.99,41.6
2016-12-28,104.62,41.39
2016-12-27,105.13,41.61
2016-12-23,105.09,41.6
2016-12-22,105.35,41.55
2016-12-21,104.7,41.57
2016-12-20,104.9,41.66
2016-12-19,105.41,41.67
2016-12-16,105.87,41.74
2016-12-15,105.3,41.55
2016-12-14,104.47,41.21
2016-12-13,105.63,41.76
2016-12-12,104.72,41.9
2016-12-09,103.57,42
2016-12-08,102.15,40.98
2016-12-07,102.81,41.29
2016-12-06,101.55,40.57
2016-12-05,100.71,40.62
2016-12-02,100.6,40.36
2016-12-01,99.03,40.17
2016-11-30,100.1,40.35
2016-11-29,102.54,41.15
2016-11-28,102.79,41.75
2016-11-25,102.17,41.53
2016-11-23,101.53,41.12
2016-11-22,102.89,41.37
2016-11-21,102.26,41.36
2016-11-18,101.31,40.91
2016-11-17,101.62,41.12
2016-11-16,101.71,41.26
2016-11-15,101.85,41.44
2016-11-14,101.39,41.17
2016-11-11,103.19,41.03
2016-11-10,103.25,40.94
2016-11-09,107.25,42.27
2016-11-08,108.72,42.88
2016-11-07,106.96,42.46
2016-11-04,105.81,41.69
2016-11-03,106.63,42.03
2016-11-02,106.71,42.05
2016-11-01,106.71,42.12
2016-10-31,107.2,42.4
2016-10-28,107.07,42.23
2016-10-27,106.63,42.12
2016-10-26,107.07,42.44
2016-10-25,107.23,42.54
2016-10-24,107.31,42.56
2016-10-21,105.62,42.13
2016-10-20,105.87,41.93
2016-10-19,106.26,42.05
2016-10-18,106.95,41.97
2016-10-17,106.85,41.6
2016-10-14,106.83,41.67
2016-10-13,105.92,41.76
2016-10-12,106.08,41.78
2016-10-11,105.57,41.54
2016-10-10,106.22,41.73
2016-10-07,105.99,41.73
2016-10-06,106.4,41.71
2016-10-05,106.01,41.81
2016-10-04,107.1,41.84
2016-10-03,108.25,42.03
2016-09-30,108.77,42.32
2016-09-29,107.76,42.03
2016-09-28,107.38,42.15
2016-09-27,107.49,42.59
2016-09-26,107.03,42.05
2016-09-23,107.34,42.74
2016-09-22,107.82,42.96
2016-09-21,107.13,42.53
2016-09-20,106.3,42.34
2016-09-19,105.67,42.1
2016-09-16,105.28,42.14
2016-09-15,105.48,42.36
2016-09-14,105.05,42.11
2016-09-13,104.59,42.28
2016-09-12,106.02,43.19
2016-09-09,104.05,42.27
2016-09-08,106.88,43.63
2016-09-07,107.21,43.64
2016-09-06,107.92,43.79
2016-09-02,107.87,43.66
2016-09-01,107.29,43.35
2016-08-31,106.75,43.43
2016-08-30,107.21,43.24
2016-08-29,107.99,43.54
2016-08-26,107.45,43.32
2016-08-25,107.88,43.67
2016-08-24,108.11,43.85
2016-08-23,107.88,43.85
2016-08-22,107.96,43.74
2016-08-19,108.17,43.92
2016-08-18,108.28,44.1
2016-08-17,108.47,44.06
2016-08-16,108,43.83
2016-08-15,108.72,44.24
2016-08-12,108.59,44.03
2016-08-11,108.48,43.75
2016-08-10,108.82,43.61
2016-08-09,108.28,43.47
2016-08-08,108.14,43.44
2016-08-05,108.66,43.48
2016-08-04,108.42,43.51
2016-08-03,108.04,43.64
2016-08-02,108.72,43.53
2016-08-01,108.93,43.45
2016-07-29,108.92,43.63
2016-07-28,108.13,43.65
2016-07-27,107.48,43.4
2016-07-26,108.2,44.88
2016-07-25,109.02,45.57
2016-07-22,109.19,45.83
2016-07-21,108.58,45.45
2016-07-20,108.92,45.51
2016-07-19,109.53,45.63
2016-07-18,109.21,45.63
2016-07-15,109.66,45.63
2016-07-14,109.96,45.69
2016-07-13,109.91,45.74
2016-07-12,108.79,45.58
2016-07-11,108.91,45.57
2016-07-08,108.27,45.38
2016-07-07,107.49,45.09
2016-07-06,105.92,45.27
2016-07-05,106.42,45.43
2016-07-01,105.63,45.12
2016-06-30,105.94,45.33
2016-06-29,103.12,44.44
2016-06-28,102.14,44.18
2016-06-27,102.13,43.78
2016-06-24,101.98,43.93
2016-06-23,104.44,45.08
2016-06-22,103.74,44.86
2016-06-21,104.08,45.13
2016-06-20,103.37,44.98
2016-06-17,103.41,44.79
2016-06-16,103.85,45.31
2016-06-15,102.86,45.01
2016-06-14,103.23,45.04
2016-06-13,103.06,45.12
2016-06-10,103.31,45.99
2016-06-09,103.66,45.76
2016-06-08,103.18,45.55
2016-06-07,102.49,45.32
2016-06-06,102.7,45.37
2016-06-03,102.53,45.04
2016-06-02,102,44.72
2016-06-01,101.57,44.7
2016-05-31,101.17,44.6
2016-05-27,101.96,44.78
2016-05-26,101.9,44.69
2016-05-25,101.09,44.38
2016-05-24,101.09,44.37
2016-05-23,100.42,43.97
2016-05-20,100.1,43.95
2016-05-19,101.33,44.32
2016-05-18,100.91,44.48
2016-05-17,102.37,44.75
2016-05-16,104.13,45.62
2016-05-13,104.18,45.35
2016-05-12,106.1,45.83
2016-05-11,105.72,45.46
2016-05-10,106.57,45.75
2016-05-09,105.28,45.24
2016-05-06,104.96,45.32
2016-05-05,104.21,45.06
2016-05-04,104.02,44.98
2016-05-03,103.56,44.84
2016-05-02,103.43,44.98
2016-04-29,102.96,44.8
2016-04-28,102.97,44.63
2016-04-27,102.63,44.68
2016-04-26,102.6,44.53
2016-04-25,102.8,44.71
2016-04-22,101.98,44.54
2016-04-21,100.99,43.66
2016-04-20,102.44,44.37
2016-04-19,104.32,46.6
2016-04-18,103.72,46.22
2016-04-15,103.77,46.1
2016-04-14,103.16,45.83
2016-04-13,104.12,46.04
2016-04-12,104.91,46.65
2016-04-11,104.3,46.44
2016-04-08,105.08,46.87
2016-04-07,103.6,46.36
2016-04-06,103.92,46.71
2016-04-05,103.1,46.53
2016-04-04,103.82,46.89
2016-04-01,103.78,46.83
2016-03-31,102.48,46.39
2016-03-30,102.69,46.58
2016-03-29,101.37,46.48
2016-03-28,100.98,45.8
2016-03-24,100.68,45.58
2016-03-23,100.81,45.46
2016-03-22,100.77,45.5
2016-03-21,101.54,45.67
2016-03-18,101.29,45.6
2016-03-17,101.87,45.77
2016-03-16,100.83,45.05
2016-03-15,101.15,45.24
2016-03-14,100.65,45.29
2016-03-11,101.31,45.2
2016-03-10,100.78,45.23
2016-03-09,100.2,44.81
2016-03-08,99.74,44.32
2016-03-07,99.25,44.01
2016-03-04,100,44.11
2016-03-03,99.16,43.96
2016-03-02,98.33,43.77
2016-03-01,99.09,43.69
2016-02-29,97.82,43.13
2016-02-26,98.36,43.14
2016-02-25,100.67,44.16
2016-02-24,99.68,43.91
2016-02-23,99.54,43.69
2016-02-22,99.87,43.94
2016-02-19,99.58,43.77
2016-02-18,99.62,43.61
2016-02-17,99.55,43.49
2016-02-16,98.6,43.36
2016-02-12,98.49,43.11
2016-02-11,96.9,42.41
2016-02-10,97.62,42.55
2016-02-09,98.28,43.3
2016-02-08,97.52,42.65
2016-02-05,97.32,42.44
2016-02-04,97.39,42.53
2016-02-03,98.72,42.72
2016-02-02,98.21,42.44
2016-02-01,99.03,43
2016-01-29,99.3,42.92
2016-01-28,97.45,42.57
2016-01-27,95.94,42.09
2016-01-26,96.32,42.08
2016-01-25,95.94,42.16
2016-01-22,95.85,42.06
2016-01-21,94.47,41.39
2016-01-20,93.77,41.38
2016-01-19,95.77,41.92
2016-01-15,93.93,41.5
2016-01-14,95.81,41.88
2016-01-13,96.5,41.85
2016-01-12,97.62,42.12
2016-01-11,97.44,41.58
2016-01-08,97.21,41.51
2016-01-07,97.57,41.62
2016-01-06,99.48,42.32
2016-01-05,99.45,42.55
2016-01-04,98.77,42.4
2015-12-31,99.92,42.96
2015-12-30,101.15,43.57
2015-12-29,101.45,43.71
2015-12-28,100.68,43.49
2015-12-24,100.54,43.54
2015-12-23,100.64,43.67
2015-12-22,99.8,43.29
2015-12-21,98.62,42.78
2015-12-18,97.9,42.5
2015-12-17,100.2,43.49
2015-12-16,101.08,43.84
2015-12-15,99.39,43.07
2015-12-14,97.95,42.45
2015-12-11,97.78,42.27
2015-12-10,98.9,42.76
2015-12-09,99.13,42.66
2015-12-08,100.17,43.01
2015-12-07,100.67,43.2
2015-12-04,101.06,43.29
2015-12-03,99.09,42.46
2015-12-02,99.48,42.77
2015-12-01,101.06,42.89
2015-11-30,100.16,42.62
2015-11-27,100.74,43.15
2015-11-25,100.5,43.36
2015-11-24,100.63,43.36
2015-11-23,100.85,42.96
2015-11-20,100.1,42.43
2015-11-19,100.93,43.11
2015-11-18,100.27,42.28
2015-11-17,98.83,41.67
2015-11-16,99.56,41.96
2015-11-13,98.04,41.38
2015-11-12,98.37,41.58
2015-11-11,99.43,42.04
2015-11-10,98.83,41.77
2015-11-09,98.88,41.54
2015-11-06,99.72,41.96
2015-11-05,100.61,42.33
2015-11-04,100.62,41.97
2015-11-03,100.92,42.16
2015-11-02,101.4,42.24
2015-10-30,102.19,42.35
2015-10-29,102.8,42.79
2015-10-28,102.74,42.73
2015-10-27,102.94,42.61
2015-10-26,102.54,42.59
2015-10-23,102.43,42.79
2015-10-22,103.08,43.24
2015-10-21,100.25,42.19
2015-10-20,100.27,42.29
2015-10-19,100.18,41.99
2015-10-16,99.7,42.02
2015-10-15,98.28,41.92
2015-10-14,97.49,41.68
2015-10-13,97.92,41.65
2015-10-12,99.14,42
2015-10-09,99.47,42.02
2015-10-08,98.97,41.98
2015-10-07,98.52,41.52
2015-10-06,97.07,40.96
2015-10-05,95.81,41.01
2015-10-02,94.16,40.39
2015-10-01,93.85,39.8
2015-09-30,94.3,40.12
2015-09-29,93.04,39.66
2015-09-28,92.47,39.53
2015-09-25,93.47,39.62
2015-09-24,92.47,39.15
2015-09-23,92.4,38.76
2015-09-22,92.37,38.79
2015-09-21,93.71,39.19
2015-09-18,93.05,38.98
2015-09-17,93.37,39.38
2015-09-16,93.07,39.15
2015-09-15,92.06,38.5
2015-09-14,91.2,38.1
2015-09-11,91.62,38.13
2015-09-10,91.06,38.42
2015-09-09,90.83,38.3
2015-09-08,92.37,38.9
2015-09-04,90.92,38.52
2015-09-03,92.13,39.16
2015-09-02,91.64,38.9
2015-09-01,91.33,38.75
2015-08-31,92.93,39.32
2015-08-28,93.53,39.45
2015-08-27,93.6,39.27
2015-08-26,92.49,38.73
2015-08-25,89.64,37.99
2015-08-24,91.83,38.38
2015-08-21,96.25,39.53
2015-08-20,97.98,40.55
2015-08-19,98.99,40.78
2015-08-18,99.77,41.3
2015-08-17,99.86,41.35
2015-08-14,99.23,41.25
2015-08-13,98.79,41.1
2015-08-12,98.38,41.26
2015-08-11,98.62,41.48
2015-08-10,99.09,41.68
2015-08-07,99.1,41.77
2015-08-06,99.15,41.92
2015-08-05,99.19,42.12
2015-08-04,97.81,41.85
2015-08-03,97.45,41.54
2015-07-31,96.35,41.08
2015-07-30,96.63,40.56
2015-07-29,96.53,40.59
2015-07-28,96.11,40.55
2015-07-27,95.66,40.54
2015-07-24,96.18,40.44
2015-07-23,96.87,40.84
2015-07-22,97.17,40.9
2015-07-21,96.93,41.19
2015-07-20,97.31,41.38
2015-07-17,96.78,41.25
2015-07-16,96.9,41.48
2015-07-15,96.35,41.13
2015-07-14,97.13,41.17
2015-07-13,97.22,40.66
2015-07-10,95.55,40.39
2015-07-09,94.59,39.92
2015-07-08,95.61,39.86
2015-07-07,96.4,40.25
2015-07-06,94.4,39.42
2015-07-02,94.66,39.49
2015-07-01,94.52,39.5
2015-06-30,93.34,39.23
2015-06-29,93.69,39.4
2015-06-26,94.91,40
2015-06-25,94.83,40.02
2015-06-24,95.29,40.19
2015-06-23,95.6,40.38
2015-06-22,95.6,40.48
2015-06-19,94.86,40.4
2015-06-18,95.23,40.65
2015-06-17,94.05,40.27
2015-06-16,93.55,40.08
2015-06-15,92.64,39.59
2015-06-12,93.74,39.96
2015-06-11,94.09,40.1
2015-06-10,93.69,40.33
2015-06-09,93.07,40.2
2015-06-08,92.84,40.16
2015-06-05,93.05,40.1
2015-06-04,94.14,40.59
2015-06-03,95.3,40.87
2015-06-02,96.05,40.99
2015-06-01,95.97,40.94
2015-05-29,96.43,40.96
2015-05-28,97.06,41.14
2015-05-27,96.38,41.12
2015-05-26,95.79,40.99
2015-05-22,96.26,41.21
2015-05-21,97.2,41.23
2015-05-20,97.69,41.35
2015-05-19,97.95,41.31
2015-05-18,98.05,41.32
2015-05-15,98.22,41.52
2015-05-14,98,41.5
2015-05-13,96.41,41.05
2015-05-12,96.2,40.69
2015-05-11,96.35,40.94
2015-05-08,96.55,40.98
2015-05-07,95.15,40.7
2015-05-06,95.48,40.66
2015-05-05,95.42,40.75
2015-05-04,95.95,40.96
2015-05-01,95.56,40.91
2015-04-30,95.12,40.56
2015-04-29,94.38,40.49
2015-04-28,94.42,40.77
2015-04-27,94.49,40.83
2015-04-24,95.17,40.89
2015-04-23,95.73,40.95
2015-04-22,97.28,41.31
2015-04-21,96.78,40.78
2015-04-20,96.5,40.66
2015-04-17,95.81,40.3
2015-04-16,96.45,40.6
2015-04-15,96.63,40.4
2015-04-14,96.49,40.51
2015-04-13,95.53,40.7
2015-04-10,96.2,40.88
2015-04-09,96.35,41.05
2015-04-08,96.03,40.89
2015-04-07,96.21,41.01
2015-04-06,96.48,41.17
2015-04-02,95.69,40.68
2015-04-01,95.09,40.68
2015-03-31,95.62,40.55
2015-03-30,96.52,40.51
2015-03-27,95.95,40.08
2015-03-26,95.63,40.35
2015-03-25,95.26,40.45
2015-03-24,95.86,40.47
2015-03-23,95.85,40.62
2015-03-20,95.34,40.65
2015-03-19,94.1,40.02
2015-03-18,94.64,40.6
2015-03-17,94.13,40.51
2015-03-16,95.45,40.29
2015-03-13,94.32,39.91
2015-03-12,95.71,40.57
2015-03-11,93.63,40.1
2015-03-10,94.43,40.69
2015-03-09,96.04,41.39
2015-03-06,96.17,41.52
2015-03-05,97.23,42.4
2015-03-04,97.36,42.5
2015-03-03,98.4,42.95
2015-03-02,99,43.2
2015-02-27,98.98,43.3
2015-02-26,99.07,42.46
2015-02-25,99.5,42.05
2015-02-24,99.58,42.13
2015-02-23,99.45,41.85
2015-02-20,99.06,41.97
2015-02-19,98.72,42.11
2015-02-18,99.33,41.73
2015-02-17,98.36,41.81
2015-02-13,99.13,41.99
2015-02-12,100.27,42.17
2015-02-11,100.4,42.37
2015-02-10,97.99,42.4
2015-02-09,95.97,41.23
2015-02-06,96.71,41.45
2015-02-05,96.61,41.79
2015-02-04,96.6,41.68
2015-02-03,96.2,41.63
2015-02-02,95.33,41.59
2015-01-30,93.78,41.17
2015-01-29,96.03,42.1
2015-01-28,95.72,41.92
2015-01-27,96.72,42.39
2015-01-26,98.69,43
2015-01-23,98.53,43.31
2015-01-22,98.9,43.78
2015-01-21,97.4,43.36
2015-01-20,97.51,43.16
2015-01-16,97.29,42.53
2015-01-15,96.67,42.38
2015-01-14,96.67,42.56
2015-01-13,96.35,42.63
2015-01-12,96.42,42.64
2015-01-09,96.82,43.03
2015-01-08,97.48,43.51
2015-01-07,95.74,42.99
2015-01-06,93.02,42.46
2015-01-05,93.73,42.14
2015-01-02,94.44,42.14
